{"cameraMode":{"drawMode":0,"name":"Shaded","section":"Shading Mode"},"sceneLighting":false,"audioPlay":false,"sceneViewState":{"m_AlwaysRefresh":false,"showFog":true,"showSkybox":false,"showFlares":true,"showImageEffects":true,"showParticleSystems":true,"showVisualEffectGraphs":true,"m_FxEnabled":true},"in2DMode":false,"pivot":{"x":-9.876974105834961,"y":0.06320749968290329,"z":7.813041687011719},"rotation":{"x":-0.38687828183174136,"y":-0.23124045133590699,"z":0.1008531004190445,"w":-0.8869401216506958},"size":0.16574521362781526,"orthographic":false}