{"cameraMode":{"drawMode":0,"name":"Shaded","section":"Shading Mode"},"sceneLighting":false,"audioPlay":false,"sceneViewState":{"m_AlwaysRefresh":false,"showFog":true,"showSkybox":false,"showFlares":true,"showImageEffects":true,"showParticleSystems":true,"showVisualEffectGraphs":true,"m_FxEnabled":true},"in2DMode":false,"pivot":{"x":0.0009602606296539307,"y":-7.450580596923828e-9,"z":0.00020088255405426025},"rotation":{"x":-0.43999725580215456,"y":-0.1991184949874878,"z":0.10070987045764923,"w":-0.8698235750198364},"size":0.1379324346780777,"orthographic":false}