{"cameraMode":{"drawMode":0,"name":"Shaded","section":"Shading Mode"},"sceneLighting":false,"audioPlay":false,"sceneViewState":{"m_AlwaysRefresh":false,"showFog":true,"showSkybox":false,"showFlares":true,"showImageEffects":true,"showParticleSystems":true,"showVisualEffectGraphs":true,"m_FxEnabled":true},"in2DMode":false,"pivot":{"x":0.003238298464566469,"y":0.002071814611554146,"z":0.0021649422124028208},"rotation":{"x":-0.43999725580215456,"y":-0.1991184949874878,"z":0.10070987045764923,"w":-0.8698235750198364},"size":0.013762100599706173,"orthographic":false}